index,label
0,0
1,0
2,0
3,1
4,0
5,1
6,1
7,0
8,0
9,1
10,0
11,1
12,0
13,1
14,0
15,0
16,0
17,1
18,0
19,0
20,1
21,1
22,0
23,1
24,0
25,1
26,0
27,1
28,0
29,0
30,1
31,0
32,0
33,0
34,0
35,0
36,1
37,0
38,0
39,0
40,0
41,0
42,1
43,0
44,0
45,0
46,1
47,0
48,0
49,0
50,1
51,0
52,1
53,1
54,0
55,0
56,0
57,1
58,1
59,0
60,0
61,0
62,0
63,1
64,1
65,0
66,0
67,0
68,0
69,1
70,1
71,1
72,0
73,1
74,1
75,1
76,1
77,1
78,1
79,1
80,1
81,1
82,0
83,1
84,1
85,1
86,0
87,1
88,0
89,0
90,0
91,0
92,0
93,0
94,1
95,0
96,1
97,0
98,1
99,0
100,0
101,0
102,1
103,0
104,1
105,0
106,0
107,1
108,0
109,0
110,1
111,0
112,1
113,0
114,1
115,0
116,1
117,0
118,1
119,1
120,1
121,0
122,1
123,0
124,1
125,0
126,1
127,0
128,1
129,0
130,0
131,1
132,1
133,0
134,0
135,0
136,1
137,1
138,1
139,1
140,0
141,1
142,1
143,0
144,1
145,0
146,0
147,1
148,1
149,1
150,0
151,0
152,0
153,0
154,1
155,1
156,0
157,1
158,0
159,1
160,1
161,1
162,0
163,0
164,0
165,0
166,1
167,1
168,1
169,1
170,1
171,1
172,0
173,1
174,1
175,0
176,1
177,1
178,0
179,0
180,0
181,0
182,0
183,0
184,0
185,0
186,0
187,0
188,1
189,1
190,0
191,1
192,1
193,1
194,1
195,0
196,0
197,1
198,1
199,0
200,1
201,1
202,0
203,0
204,1
205,1
206,0
207,0
208,0
209,1
210,1
211,1
212,1
213,1
214,0
215,0
216,0
217,1
218,1
219,1
220,1
221,1
222,0
223,1
224,0
225,1
226,0
227,0
228,0
229,1
230,1
231,0
232,1
233,0
234,1
235,0
236,1
237,0
238,1
239,1
240,0
241,0
242,1
243,1
244,0
245,0
246,0
247,0
248,0
249,0
250,1
251,0
252,0
253,1
254,1
255,1
256,0
257,0
258,0
259,1
260,1
261,0
262,1
263,1
264,0
265,1
266,0
267,0
268,1
269,0
270,1
271,1
272,0
273,0
274,1
275,1
276,1
277,1
278,1
279,1
280,0
281,1
282,1
283,0
284,1
285,1
286,0
287,0
288,0
289,1
290,1
291,0
292,1
293,0
294,1
295,0
296,0
297,1
298,1
299,0
300,0
301,1
302,0
303,0
304,0
305,0
306,1
307,0
308,1
309,0
310,1
311,0
312,0
313,0
314,0
315,0
316,0
317,1
318,0
319,1
320,0
321,1
322,1
323,1
324,1
325,1
326,1
327,0
328,0
329,1
330,1
331,1
332,0
333,1
334,1
335,0
336,0
337,0
338,0
339,1
340,1
341,1
342,0
343,1
344,1
345,0
346,0
347,0
348,0
349,0
350,0
351,0
352,1
353,0
354,1
355,0
356,0
357,1
358,0
359,1
360,0
361,1
362,0
363,1
364,0
365,1
366,1
367,1
368,0
369,0
370,0
371,1
372,1
373,1
374,0
375,0
376,1
377,0
378,1
379,0
380,1
381,1
382,0
383,0
384,0
385,1
386,1
387,0
388,0
389,0
390,0
391,0
392,0
393,0
394,1
395,1
396,0
397,1
398,1
399,1
400,0
401,1
402,1
403,0
404,0
405,1
406,1
407,0
408,0
409,0
410,0
411,1
412,0
413,1
414,1
415,0
416,0
417,0
418,0
419,1
420,0
421,0
422,1
423,1
424,1
425,1
426,1
427,1
428,1
429,0
430,1
431,1
432,0
433,1
434,1
435,1
436,1
437,1
438,1
439,0
440,0
441,1
442,1
443,1
444,1
445,0
446,1
447,1
448,0
449,1
450,0
451,1
452,0
453,1
454,1
455,1
456,1
457,0
458,0
459,1
460,1
461,0
462,1
463,1
464,0
465,1
466,1
467,1
468,0
469,0
470,0
471,1
472,0
473,0
474,0
475,0
476,1
477,0
478,1
479,0
480,1
481,1
482,1
483,0
484,0
485,0
486,0
487,0
488,1
489,1
490,0
491,0
492,1
493,0
494,0
495,0
496,0
497,0
498,0
499,0
500,0
501,0
502,1
503,0
504,1
505,1
506,1
507,0
508,0
509,0
510,0
511,0
512,1
513,0
514,0
515,0
516,1
517,0
518,0
519,1
520,0
521,1
522,0
523,1
524,1
525,0
526,1
527,1
528,0
529,1
530,0
531,1
532,1
533,0
534,1
535,1
536,0
537,1
538,0
539,1
540,1
541,0
542,0
543,1
544,0
545,0
546,0
547,1
548,0
549,1
550,1
551,0
552,1
553,0
554,0
555,1
556,0
557,0
558,1
559,0
560,1
561,0
562,0
563,1
564,0
565,1
566,0
567,1
568,1
569,0
570,0
571,1
572,1
573,1
574,1
575,1
576,1
577,0
578,0
579,1
580,1
581,0
582,1
583,0
584,1
585,0
586,0
587,1
588,0
589,0
590,1
591,0
592,0
593,1
594,1
595,0
596,0
597,1
598,0
599,0
600,1
601,1
602,1
603,0
604,0
605,0
606,1
607,0
608,0
609,0
610,1
611,1
612,0
613,0
614,0
615,0
616,0
617,1
618,1
619,1
620,0
621,1
622,1
623,1
624,1
625,0
626,1
627,1
628,1
629,1
630,0
631,1
632,1
633,1
634,0
635,0
636,0
637,0
638,1
639,0
640,0
641,0
642,0
643,0
644,1
645,0
646,0
647,1
648,0
649,1
650,1
651,1
652,1
653,1
654,0
655,1
656,0
657,1
658,0
659,0
660,1
661,0
662,0
663,1
664,1
665,0
666,1
667,1
668,1
669,1
670,1
671,0
672,0
673,1
674,1
675,0
676,1
677,0
678,1
679,0
680,0
681,0
682,1
683,0
684,0
685,0
686,0
687,1
688,1
689,1
690,1
691,1
692,1
693,1
694,1
695,0
696,0
697,1
698,1
699,0
700,1
701,1
702,0
703,1
704,0
705,1
706,0
707,1
708,0
709,1
710,0
711,0
712,1
713,0
714,0
715,1
716,0
717,1
718,1
719,0
720,0
721,0
722,0
723,0
724,0
725,1
726,1
727,1
728,0
729,1
730,0
731,0
732,0
733,1
734,1
735,1
736,1
737,1
738,0
739,0
740,1
741,1
742,0
743,0
744,0
745,1
746,1
747,0
748,0
749,1
750,1
751,1
752,0
753,0
754,0
755,0
756,0
757,1
758,0
759,1
760,1
761,1
762,0
763,0
764,1
765,1
766,0
767,0
768,0
769,1
770,0
771,1
772,1
773,0
774,1
775,1
776,0
777,0
778,0
779,1
780,0
781,1
782,0
783,0
784,0
785,0
786,0
787,0
788,1
789,0
790,1
791,0
792,1
793,0
794,0
795,0
796,1
797,0
798,0
799,1
800,1
801,0
802,0
803,0
804,0
805,1
806,0
807,1
808,1
809,0
810,1
811,1
812,0
813,0
814,0
815,1
816,1
817,1
818,1
819,0
820,1
821,0
822,1
823,0
824,1
825,0
826,1
827,0
828,1
829,1
830,0
831,1
832,1
833,0
834,1
835,0
836,0
837,1
838,0
839,0
840,0
841,1
842,0
843,0
844,0
845,1
846,0
847,0
848,1
849,1
850,1
851,1
852,1
853,1
854,1
855,1
856,0
857,0
858,1
859,0
860,0
861,0
862,0
863,0
864,1
865,0
866,0
867,0
868,0
869,1
870,0
871,1
872,0
873,0
874,0
875,1
876,0
877,0
878,1
879,0
880,1
881,0
882,0
883,1
884,1
885,0
886,0
887,0
888,1
889,0
890,1
891,1
892,1
893,0
894,1
895,0
896,0
897,0
898,1
899,1
900,1
901,1
902,1
903,0
904,1
905,1
906,0
907,0
908,1
909,0
910,1
911,1
912,0
913,0
914,0
915,1
916,0
917,0
918,1
919,1
920,1
921,1
922,1
923,0
924,0
925,0
926,1
927,1
928,1
929,0
930,1
931,1
932,0
933,0
934,1
935,0
936,1
937,1
938,0
939,0
940,1
941,0
942,0
943,0
944,1
945,0
946,0
947,1
948,0
949,0
950,1
951,1
952,0
953,0
954,1
955,0
956,1
957,0
958,0
959,1
960,0
961,0
962,1
963,0
964,0
965,0
966,0
967,0
968,1
969,1
970,1
971,0
972,1
973,1
974,0
975,1
976,0
977,0
978,0
979,0
980,1
981,0
982,1
983,1
984,1
985,0
986,1
987,0
988,0
989,0
990,1
991,1
992,0
993,1
994,1
995,1
996,1
997,1
998,1
999,1
1000,0
1001,1
1002,1
1003,1
1004,0
1005,0
1006,1
1007,0
1008,0
1009,1
1010,0
1011,1
1012,1
1013,0
1014,0
1015,1
1016,0
1017,1
1018,0
1019,1
1020,0
1021,0
1022,0
1023,1
1024,0
1025,1
1026,1
1027,0
1028,0
1029,1
1030,1
1031,1
1032,1
1033,1
1034,1
1035,1
1036,0
1037,0
1038,0
1039,1
1040,1
1041,0
1042,1
1043,0
1044,0
1045,1
1046,0
1047,1
1048,1
1049,0
1050,0
1051,1
1052,0
1053,0
1054,0
1055,0
1056,1
1057,0
1058,0
1059,1
1060,0
1061,0
1062,1
1063,0
1064,0
1065,1
1066,0
1067,0
1068,1
1069,1
1070,1
1071,0
1072,1
1073,1
1074,0
1075,1
1076,1
1077,1
1078,1
1079,0
1080,1
1081,1
1082,0
1083,1
1084,0
1085,0
1086,0
1087,0
1088,0
1089,1
1090,1
1091,1
1092,0
1093,0
1094,0
1095,0
1096,1
1097,0
1098,1
1099,0
1100,0
1101,1
1102,0
1103,1
1104,0
1105,1
1106,1
1107,1
1108,0
1109,1
1110,0
1111,0
1112,1
1113,1
1114,1
1115,1
1116,1
1117,1
1118,1
1119,0
1120,0
1121,0
1122,0
1123,0
1124,0
1125,0
1126,1
1127,0
1128,0
1129,0
1130,0
1131,0
1132,0
1133,1
1134,0
1135,1
1136,0
1137,0
1138,0
1139,1
1140,1
1141,0
1142,0
1143,1
1144,1
1145,1
1146,1
1147,0
1148,0
1149,1
1150,0
1151,0
1152,0
1153,1
1154,0
1155,1
1156,1
1157,1
1158,0
1159,1
1160,1
1161,0
1162,0
1163,0
1164,1
1165,0
1166,0
1167,1
1168,0
1169,0
1170,0
1171,1
1172,0
1173,1
1174,1
1175,0
1176,0
1177,1
1178,0
1179,1
1180,0
1181,0
1182,1
1183,1
1184,0
1185,1
1186,1
1187,1
1188,1
1189,1
1190,0
1191,0
1192,1
1193,1
1194,1
1195,1
1196,0
1197,1
1198,1
1199,0
1200,1
1201,0
1202,0
1203,0
1204,0
1205,1
1206,0
1207,1
1208,0
1209,1
1210,1
1211,1
1212,0
1213,1
1214,0
1215,1
1216,1
1217,1
1218,1
1219,1
1220,0
1221,1
1222,0
1223,1
1224,1
1225,1
1226,0
1227,0
1228,0
1229,1
1230,0
1231,1
1232,1
1233,0
1234,0
1235,0
1236,1
1237,1
1238,0
1239,1
1240,1
1241,0
1242,0
1243,0
1244,1
1245,1
1246,1
1247,1
1248,0
1249,1
1250,0
1251,0
1252,0
1253,1
1254,0
1255,0
1256,1
1257,0
1258,0
1259,0
1260,1
1261,0
1262,0
1263,1
1264,1
1265,0
1266,0
1267,1
1268,0
1269,0
1270,1
1271,1
1272,1
1273,1
1274,0
1275,1
1276,0
1277,1
1278,0
1279,1
1280,0
1281,1
1282,1
1283,0
1284,1
1285,0
1286,0
1287,1
1288,0
1289,1
1290,0
1291,1
1292,1
1293,0
1294,0
1295,1
1296,0
1297,0
1298,1
1299,1
1300,0
1301,0
1302,1
1303,1
1304,1
1305,0
1306,1
1307,0
1308,1
1309,1
1310,1
1311,1
1312,0
1313,0
1314,1
1315,1
1316,0
1317,0
1318,0
1319,0
1320,0
1321,1
1322,0
1323,1
1324,0
1325,0
1326,0
1327,1
1328,1
1329,1
1330,0
1331,1
1332,1
1333,0
1334,0
1335,0
1336,1
1337,1
1338,0
1339,0
1340,1
1341,1
1342,0
1343,1
1344,1
1345,1
1346,1
1347,1
1348,1
1349,0
1350,0
1351,0
1352,1
1353,1
1354,0
1355,0
1356,1
1357,0
1358,0
1359,0
1360,1
1361,0
1362,0
1363,1
1364,1
1365,0
1366,1
1367,1
1368,1
1369,1
1370,1
1371,0
1372,0
1373,0
1374,1
1375,0
1376,0
1377,0
1378,0
1379,1
1380,1
1381,1
1382,1
1383,0
1384,0
1385,1
1386,1
1387,0
1388,0
1389,0
1390,0
1391,0
1392,0
1393,1
1394,1
1395,0
1396,0
1397,1
1398,1
1399,1
1400,1
1401,0
1402,0
1403,0
1404,1
1405,1
1406,0
1407,0
1408,0
1409,0
1410,0
1411,0
1412,0
1413,0
1414,0
1415,0
1416,0
1417,0
1418,0
1419,1
1420,1
1421,0
1422,1
1423,0
1424,0
1425,0
1426,1
1427,0
1428,0
1429,0
1430,1
1431,1
1432,1
1433,0
1434,0
1435,0
1436,1
1437,1
1438,0
1439,1
1440,1
1441,0
1442,1
1443,0
1444,1
1445,0
1446,0
1447,1
1448,0
1449,1
1450,1
1451,1
1452,0
1453,0
1454,1
1455,0
1456,1
1457,0
1458,1
1459,1
1460,1
1461,1
1462,0
1463,0
1464,0
1465,0
1466,0
1467,0
1468,0
1469,0
1470,1
1471,1
1472,1
1473,1
1474,0
1475,1
1476,0
1477,1
1478,0
1479,0
1480,0
1481,0
1482,0
1483,0
1484,1
1485,0
1486,1
1487,1
1488,0
1489,0
1490,0
1491,0
1492,0
1493,1
1494,0
1495,1
1496,1
1497,0
1498,1
1499,0
1500,0
1501,0
1502,1
1503,0
1504,1
1505,1
1506,1
1507,0
1508,1
1509,0
1510,0
1511,0
1512,1
1513,1
1514,0
1515,0
1516,0
1517,1
1518,0
1519,1
1520,0
1521,0
1522,0
1523,1
1524,1
1525,1
1526,0
1527,0
1528,1
1529,1
1530,1
1531,1
1532,0
1533,1
1534,1
1535,1
1536,1
1537,0
1538,0
1539,1
1540,0
1541,0
1542,1
1543,0
1544,1
1545,0
1546,0
1547,0
1548,0
1549,0
1550,0
1551,0
1552,1
1553,1
1554,1
1555,0
1556,1
1557,1
1558,1
1559,0
1560,0
1561,1
1562,1
1563,1
1564,1
1565,0
1566,1
1567,0
1568,1
1569,0
1570,0
1571,1
1572,1
1573,1
1574,0
1575,0
1576,0
1577,0
1578,1
1579,0
1580,0
1581,0
1582,1
1583,1
1584,0
1585,1
1586,1
1587,0
1588,0
1589,1
1590,0
1591,0
1592,1
1593,1
1594,1
1595,0
1596,0
1597,0
1598,1
1599,0
1600,0
1601,1
1602,0
1603,1
1604,0
1605,0
1606,0
1607,0
1608,1
1609,1
1610,0
1611,0
1612,0
1613,0
1614,1
1615,0
1616,1
1617,1
1618,1
1619,0
1620,1
1621,0
1622,1
1623,1
1624,0
1625,1
1626,0
1627,1
1628,0
1629,1
1630,1
1631,0
1632,0
1633,1
1634,0
1635,1
1636,0
1637,1
1638,1
1639,0
1640,0
1641,0
1642,0
1643,0
1644,1
1645,0
1646,0
1647,0
1648,1
1649,1
1650,1
1651,0
1652,0
1653,0
1654,0
1655,1
1656,1
1657,1
1658,1
1659,1
1660,0
1661,1
1662,1
1663,0
1664,1
1665,1
1666,0
1667,0
1668,0
1669,0
1670,1
1671,0
1672,1
1673,0
1674,0
1675,1
1676,0
1677,0
1678,0
1679,0
1680,0
1681,1
1682,1
1683,0
1684,0
1685,1
1686,0
1687,0
1688,1
1689,1
1690,0
1691,0
1692,1
1693,0
1694,1
1695,1
1696,0
1697,1
1698,0
1699,1
1700,1
1701,0
1702,0
1703,0
1704,1
1705,1
1706,1
1707,1
1708,0
1709,0
1710,0
1711,1
1712,0
1713,1
1714,1
1715,1
1716,1
1717,0
1718,0
1719,0
1720,1
1721,0
1722,1
1723,1
1724,0
1725,0
1726,0
1727,1
1728,0
1729,1
1730,1
1731,1
1732,1
1733,1
1734,0
1735,0
1736,0
1737,0
1738,0
1739,0
1740,0
1741,1
1742,1
1743,1
1744,0
1745,1
1746,1
1747,0
1748,1
1749,1
1750,0
1751,0
1752,1
1753,0
1754,1
1755,0
1756,0
1757,1
1758,1
1759,1
1760,0
1761,0
1762,0
1763,1
1764,0
1765,0
1766,0
1767,1
1768,0
1769,0
1770,0
1771,0
1772,1
1773,0
1774,0
1775,0
1776,0
1777,0
1778,0
1779,1
1780,0
1781,0
1782,1
1783,0
1784,1
1785,1
1786,1
1787,1
1788,0
1789,0
1790,0
1791,0
1792,1
1793,1
1794,0
1795,0
1796,1
1797,0
1798,1
1799,1
1800,0
1801,1
1802,0
1803,0
1804,1
1805,1
1806,1
1807,1
1808,1
1809,0
1810,1
1811,1
1812,0
1813,0
1814,1
1815,0
1816,1
1817,1
1818,1
1819,0
1820,0
1821,0
1822,0
1823,1
1824,1
1825,1
1826,1
1827,0
1828,0
1829,0
1830,1
1831,0
1832,0
1833,0
1834,0
1835,0
1836,0
1837,0
1838,0
1839,1
1840,1
1841,0
1842,1
1843,0
1844,0
1845,0
1846,0
1847,1
1848,1
1849,0
1850,1
1851,0
1852,1
1853,0
1854,1
1855,1
1856,1
1857,1
1858,1
1859,1
1860,1
1861,0
1862,1
1863,1
1864,1
1865,0
1866,1
1867,0
1868,1
1869,0
1870,0
1871,1
1872,0
1873,1
1874,1
1875,0
1876,1
1877,1
1878,1
1879,0
1880,1
1881,1
1882,0
1883,0
1884,0
1885,1
1886,0
1887,0
1888,0
1889,1
1890,1
1891,1
1892,0
1893,1
1894,1
1895,1
1896,0
1897,0
1898,0
1899,1
1900,1
1901,1
1902,1
1903,0
1904,0
1905,1
1906,1
1907,1
1908,1
1909,0
1910,1
1911,1
1912,0
1913,1
1914,1
1915,0
1916,0
1917,0
1918,1
1919,0
1920,0
1921,0
1922,1
1923,1
1924,0
1925,1
1926,0
1927,0
1928,0
1929,0
1930,0
1931,1
1932,0
1933,1
1934,0
1935,0
1936,1
1937,0
1938,0
1939,0
1940,1
1941,1
1942,0
1943,0
1944,0
1945,0
1946,0
1947,0
1948,0
1949,1
1950,1
1951,1
1952,1
1953,1
1954,0
1955,0
1956,0
1957,1
1958,1
1959,1
1960,0
1961,1
1962,0
1963,1
1964,1
1965,1
1966,0
1967,0
1968,0
1969,1
1970,0
1971,1
1972,0
1973,1
1974,0
1975,0
1976,0
1977,0
1978,1
1979,0
1980,0
1981,1
1982,0
1983,0
1984,1
1985,0
1986,1
1987,1
1988,0
1989,0
1990,0
1991,1
1992,0
1993,1
1994,0
1995,0
1996,0
1997,0
1998,1
1999,0
2000,0
2001,1
2002,1
2003,0
2004,1
2005,1
2006,0
2007,1
2008,1
2009,1
2010,1
2011,0
2012,1
2013,0
2014,0
2015,0
2016,0
2017,0
2018,0
2019,1
2020,0
2021,0
2022,0
2023,1
2024,1
2025,1
2026,0
2027,1
2028,0
2029,0
2030,0
2031,1
2032,0
2033,1
2034,0
2035,0
2036,0
2037,0
2038,1
2039,1
2040,0
2041,1
2042,1
2043,0
2044,1
2045,0
2046,1
2047,0
2048,0
2049,0
2050,1
2051,1
2052,0
2053,0
2054,1
2055,1
2056,1
2057,0
2058,0
2059,1
2060,1
2061,0
2062,1
2063,0
2064,0
2065,0
2066,1
2067,0
2068,0
2069,1
2070,0
2071,0
2072,0
2073,1
2074,0
2075,1
2076,1
2077,0
2078,0
2079,1
2080,0
2081,0
2082,0
2083,1
2084,1
2085,1
2086,0
2087,1
2088,1
2089,1
2090,0
2091,0
2092,1
2093,0
2094,1
2095,0
2096,0
2097,0
2098,0
2099,0
2100,0
2101,0
2102,1
2103,1
2104,0
2105,0
2106,0
2107,0
2108,1
2109,0
2110,0
2111,1
2112,1
2113,0
2114,1
2115,1
2116,0
2117,1
2118,0
2119,0
2120,0
2121,0
2122,1
2123,0
2124,1
2125,1
2126,1
2127,0
2128,0
2129,1
2130,0
2131,1
2132,0
2133,1
2134,1
2135,1
2136,1
2137,1
2138,1
2139,0
2140,0
2141,1
2142,1
2143,1
2144,0
2145,1
2146,1
2147,1
2148,1
2149,0
2150,1
2151,0
2152,0
2153,0
2154,1
2155,0
2156,0
2157,1
2158,0
2159,1
2160,1
2161,0
2162,0
2163,1
2164,1
2165,1
2166,1
2167,0
2168,0
2169,1
2170,1
2171,0
2172,0
2173,0
2174,1
2175,1
2176,0
2177,1
2178,1
2179,0
2180,1
2181,1
2182,1
2183,1
2184,0
2185,1
2186,0
2187,0
2188,0
2189,0
2190,0
2191,0
2192,0
2193,1
2194,1
2195,1
2196,0
2197,0
2198,0
2199,1
2200,1
2201,0
2202,1
2203,1
2204,0
2205,0
2206,0
2207,0
2208,1
2209,0
2210,0
2211,0
2212,1
2213,0
2214,1
2215,0
2216,0
2217,0
2218,1
2219,0
2220,1
2221,1
2222,0
2223,0
2224,0
2225,0
2226,0
2227,0
2228,1
2229,1
2230,0
2231,0
2232,1
2233,0
2234,0
2235,0
2236,1
2237,1
2238,0
2239,0
2240,1
2241,0
2242,1
2243,1
2244,0
2245,0
2246,0
2247,1
2248,0
2249,1
2250,0
2251,0
2252,0
2253,0
2254,0
2255,1
2256,0
2257,1
2258,1
2259,0
2260,1
2261,1
2262,1
2263,1
2264,1
2265,0
2266,0
2267,0
2268,1
2269,1
2270,1
2271,0
2272,0
2273,0
2274,0
2275,0
2276,0
2277,1
2278,1
2279,0
2280,0
2281,0
2282,0
2283,0
2284,0
2285,1
2286,0
2287,0
2288,1
2289,1
2290,0
2291,0
2292,0
2293,0
2294,0
2295,0
2296,0
2297,1
2298,0
2299,0
2300,0
2301,1
2302,0
2303,0
2304,0
2305,1
2306,1
2307,0
2308,1
2309,0
2310,0
2311,0
2312,0
2313,0
2314,1
2315,1
2316,1
2317,1
2318,0
2319,0
2320,1
2321,1
2322,1
2323,0
2324,0
2325,0
2326,1
2327,0
2328,1
2329,0
2330,1
2331,0
2332,1
2333,0
2334,0
2335,0
2336,0
2337,0
2338,1
2339,1
2340,0
2341,0
2342,0
2343,0
2344,0
2345,1
2346,1
2347,1
2348,1
2349,1
2350,1
2351,1
2352,1
2353,1
2354,0
2355,1
2356,1
2357,1
2358,1
2359,0
2360,0
2361,1
2362,1
2363,1
2364,1
2365,1
2366,1
2367,1
2368,1
2369,1
2370,0
2371,1
2372,1
2373,1
2374,1
2375,1
2376,1
2377,0
2378,1
2379,0
2380,0
2381,1
2382,0
2383,0
2384,1
2385,0
2386,1
2387,1
2388,1
2389,0
2390,0
2391,0
2392,0
2393,0
2394,0
2395,0
2396,0
2397,1
2398,1
2399,0
2400,0
2401,0
2402,0
2403,0
2404,1
2405,0
2406,0
2407,0
2408,1
2409,1
2410,0
2411,1
2412,0
2413,0
2414,1
2415,1
2416,0
2417,0
2418,0
2419,1
2420,0
2421,1
2422,0
2423,1
2424,1
2425,0
2426,0
2427,0
2428,1
2429,1
2430,0
2431,0
2432,1
2433,1
2434,1
2435,0
2436,1
2437,1
2438,0
2439,0
2440,1
2441,0
2442,0
2443,1
2444,1
2445,0
2446,0
2447,1
2448,0
2449,0
2450,0
2451,1
2452,1
2453,0
2454,0
2455,0
2456,0
2457,0
2458,0
2459,0
2460,0
2461,0
2462,1
2463,1
2464,0
2465,0
2466,1
2467,1
2468,0
2469,0
2470,0
2471,0
2472,1
2473,1
2474,0
2475,0
2476,0
2477,0
2478,0
2479,1
2480,0
2481,0
2482,0
2483,0
2484,1
2485,1
2486,1
2487,0
2488,0
2489,1
2490,1
2491,1
2492,1
2493,0
2494,1
2495,1
2496,1
2497,1
2498,0
2499,1
2500,0
2501,1
2502,1
2503,0
2504,1
2505,0
2506,1
2507,0
2508,0
2509,0
2510,1
2511,0
2512,0
2513,0
2514,1
2515,0
2516,0
2517,1
2518,1
2519,0
2520,1
2521,0
2522,0
2523,0
2524,1
2525,0
2526,0
2527,1
2528,0
2529,1
2530,0
2531,0
2532,1
2533,1
2534,1
2535,1
2536,1
2537,0
2538,0
2539,0
2540,1
2541,0
2542,0
2543,1
2544,1
2545,0
2546,0
2547,0
2548,1
2549,1
2550,1
2551,1
2552,0
2553,1
2554,1
2555,0
2556,1
2557,1
2558,0
2559,1
2560,0
2561,0
2562,0
2563,1
2564,1
2565,0
2566,0
2567,0
2568,0
2569,1
2570,0
2571,0
2572,0
2573,1
2574,0
2575,0
2576,1
2577,1
2578,0
2579,1
2580,0
2581,0
2582,0
2583,1
2584,0
2585,1
2586,0
2587,1
2588,1
2589,1
2590,1
2591,1
2592,1
2593,0
2594,0
2595,0
2596,0
2597,0
2598,0
2599,1
2600,0
2601,1
2602,0
2603,0
2604,0
2605,0
2606,0
2607,0
2608,0
2609,0
2610,0
2611,0
2612,0
2613,1
2614,0
2615,1
2616,0
2617,0
2618,0
2619,1
2620,0
2621,0
2622,1
2623,0
2624,0
2625,0
2626,1
2627,1
2628,0
2629,0
2630,0
2631,0
2632,0
2633,1
2634,0
2635,0
2636,0
2637,1
2638,0
2639,0
2640,0
2641,0
2642,0
2643,0
2644,0
2645,0
2646,0
2647,0
2648,1
2649,1
2650,1
2651,1
2652,0
2653,0
2654,1
2655,1
2656,0
2657,1
2658,1
2659,1
2660,0
2661,0
2662,1
2663,1
2664,1
2665,0
2666,1
2667,0
2668,1
2669,0
2670,1
2671,1
2672,1
2673,0
2674,0
2675,0
2676,0
2677,1
2678,0
2679,1
2680,0
2681,0
2682,1
2683,0
2684,1
2685,0
2686,0
2687,1
2688,0
2689,0
2690,0
2691,0
2692,0
2693,1
2694,0
2695,1
2696,0
2697,1
2698,0
2699,0
2700,1
2701,0
2702,0
2703,0
2704,0
2705,0
2706,0
2707,0
2708,1
2709,0
2710,1
2711,1
2712,1
2713,0
2714,0
2715,0
2716,0
2717,1
2718,0
2719,0
2720,1
2721,0
2722,0
2723,0
2724,0
2725,1
2726,0
2727,1
2728,0
2729,1
2730,0
2731,0
2732,1
2733,1
2734,1
2735,1
2736,0
2737,1
2738,1
2739,1
2740,1
2741,0
2742,1
2743,0
2744,1
2745,1
2746,0
2747,0
2748,1
2749,1
2750,0
2751,0
2752,0
2753,0
2754,1
2755,1
2756,1
2757,0
2758,1
2759,0
2760,1
2761,0
2762,1
2763,0
2764,0
2765,0
2766,0
2767,0
2768,0
2769,0
2770,1
2771,1
2772,0
2773,0
2774,0
2775,1
2776,0
2777,0
2778,0
2779,1
2780,0
2781,0
2782,0
2783,1
2784,1
2785,0
2786,0
2787,0
2788,0
2789,1
2790,0
2791,0
2792,0
2793,0
2794,0
2795,0
2796,0
2797,1
2798,0
2799,1
2800,0
2801,0
2802,0
2803,0
2804,0
2805,0
2806,0
2807,1
2808,0
2809,0
2810,1
2811,0
2812,1
2813,1
2814,1
2815,0
2816,1
2817,1
2818,0
2819,1
2820,0
2821,0
2822,1
2823,0
2824,1
2825,1
2826,0
2827,0
2828,0
2829,0
2830,1
2831,1
2832,1
2833,1
2834,1
2835,1
2836,0
2837,0
2838,0
2839,0
2840,1
2841,0
2842,0
2843,0
2844,0
2845,1
2846,0
2847,0
2848,0
2849,1
2850,0
2851,0
2852,0
2853,0
2854,0
2855,0
2856,0
2857,1
2858,1
2859,0
2860,0
2861,1
2862,0
2863,0
2864,0
2865,0
2866,0
2867,0
2868,1
2869,1
2870,1
2871,0
2872,0
2873,0
2874,0
2875,0
2876,1
2877,1
2878,1
2879,0
2880,0
2881,0
2882,1
2883,0
2884,1
2885,0
2886,1
2887,0
2888,1
2889,0
2890,0
2891,0
2892,1
2893,1
2894,0
2895,1
2896,1
2897,0
2898,0
2899,1
2900,0
2901,0
2902,0
2903,0
2904,0
2905,1
2906,0
2907,1
2908,1
2909,1
2910,0
2911,1
2912,1
2913,1
2914,1
2915,0
2916,1
2917,0
2918,1
2919,0
2920,1
2921,0
2922,0
2923,0
2924,1
2925,1
2926,1
2927,1
2928,0
2929,1
2930,0
2931,1
2932,1
2933,0
2934,0
2935,1
2936,0
2937,1
2938,1
2939,1
2940,0
2941,0
2942,1
2943,0
2944,0
2945,1
2946,0
2947,1
2948,0
2949,0
2950,0
2951,0
2952,0
2953,0
2954,1
2955,1
2956,1
2957,0
2958,1
2959,0
2960,0
2961,1
2962,0
2963,1
2964,0
2965,0
2966,0
2967,0
2968,0
2969,0
2970,1
2971,0
2972,0
2973,0
2974,0
2975,0
2976,0
2977,1
2978,1
2979,0
2980,1
2981,1
2982,0
2983,1
2984,0
2985,1
2986,0
2987,1
2988,0
2989,0
2990,0
2991,0
2992,1
2993,0
2994,0
2995,1
2996,1
2997,0
2998,0
2999,1